run_datetime[iso8601],desired_image_path[path],"desired_pose[x,y,z(m),rx,ry,rz(rad)]","initial_pose[x,y,z(m),rx,ry,rz(rad)]",convergence_status[Success|Failed],iterations_before_converging[count],"final_pose[x,y,z(m),rx,ry,rz(rad)]",final_cost[photometric],interaction_matrix_type[current|desired|mean],"pose_diff_position[dx,dy,dz(m)]","pose_diff_rotation[drx,dry,drz(rad)]",position_euclidean_distance[m],geodesic_rotation_distance[rad]
2026-03-11T14:09:57,data/playroom/images/DSC05697.jpg,"[1.492419719696045, 2.205141067504883, -0.6228408217430115, 1.812848687171936, 0.35005587339401245, -1.5451360940933228]","[1.3797047138214111, 2.3697540760040283, -0.6060546040534973, 1.7681516408920288, 0.3568693995475769, -1.454781413078308]",Success,23,"[1.5345138311386108, 0.9001173973083496, 0.25751933455467224, 1.915708303451538, 0.35326799750328064, -1.627252221107483]",582818790.8096011,current,"[-0.04209411144256592, 1.3050236701965332, -0.8803601562976837]","[-0.10285961627960205, -0.0032121241092681885, 0.08211612701416016]",1.5747675062649251,0.15214175522451345
2026-03-11T14:10:40,data/playroom/images/DSC05722.jpg,"[0.16968943178653717, 0.29901254177093506, 2.4504034519195557, 1.353190302848816, -0.46284180879592896, -0.27879610657691956]","[0.17675182223320007, 0.3267226219177246, 2.6226069927215576, 1.2537128925323486, -0.4177880883216858, -0.30081793665885925]",Failed,200,"[-0.1387099325656891, 0.30051660537719727, 2.3479413986206055, 1.271735668182373, -0.31686922907829285, -0.2354813814163208]",811526108.1264246,current,"[0.30839936435222626, -0.001504063606262207, 0.1024620532989502]","[0.08145463466644287, -0.1459725797176361, -0.043314725160598755]",0.3249783108246238,0.1646779370881191
2026-03-11T14:11:27,data/playroom/images/DSC05726.jpg,"[3.190886974334717, 0.0325845442712307, 3.8765552043914795, 2.1117606163024902, 0.42106327414512634, -1.6236045360565186]","[3.4526543617248535, 0.03342612087726593, 3.6749935150146484, 1.968615174293518, 0.396661639213562, -1.4686402082443237]",Failed,200,"[1.396512508392334, 0.04488762840628624, 4.417840003967285, 2.273452043533325, 0.43911588191986084, -1.5117319822311401]",832404350.715276,current,"[1.7943744659423828, -0.012303084135055542, -0.5412847995758057]","[-0.16169142723083496, -0.018052607774734497, -0.11187255382537842]",1.8742786143359438,0.15452294456234966
2026-03-11T14:11:54,data/playroom/images/DSC05790.jpg,"[-0.9533851146697998, -2.1521153450012207, -0.5709627270698547, 2.1016085147857666, -0.048434626311063766, 3.0836899280548096]","[-0.9445361495018005, -1.9713258743286133, -0.549144983291626, 2.2274105548858643, -0.04909829795360565, 2.8547260761260986]",Success,118,"[-0.9940730929374695, -2.887138605117798, -0.9425353407859802, 2.0545902252197266, 0.034481972455978394, 3.014131784439087]",300162439.72142446,current,"[0.04068797826766968, 0.7350232601165771, 0.3715726137161255]","[0.04701828956604004, -0.08291659876704216, 0.06955814361572266]",0.8246095510917545,0.11817331219049759
2026-03-11T14:12:03,data/playroom/images/DSC05628.jpg,"[2.355485439300537, 0.029674777761101723, 1.075508952140808, 0.37524446845054626, -1.158159613609314, -1.4368520975112915]","[2.5677762031555176, 0.03255144879221916, 1.0768214464187622, 0.3918220102787018, -1.1857035160064697, -1.4912339448928833]",Success,35,"[2.402513027191162, 0.2975457012653351, 1.069909930229187, 0.4361096918582916, -1.1540807485580444, -1.4767391681671143]",326646039.7163195,current,"[-0.047027587890625, -0.26787092350423336, 0.005599021911621094]","[-0.06086522340774536, -0.004078865051269531, 0.039887070655822754]",0.272025320013024,0.029464323513744943
2026-03-11T14:12:09,data/playroom/images/DSC05757.jpg,"[3.1148624420166016, -0.7350034117698669, -4.3299641609191895, -0.3571987450122833, -0.05338659882545471, -0.043030112981796265]","[3.374964952468872, -0.6619216203689575, -4.004094123840332, -0.3474249243736267, -0.049385737627744675, -0.04657111316919327]",Success,18,"[3.0022690296173096, -0.8452185988426208, -4.217169761657715, -0.37097328901290894, -0.027370315045118332, -0.04508756846189499]",468832026.40295196,current,"[0.11259341239929199, 0.1102151870727539, -0.11279439926147461]","[0.01377454400062561, -0.02601628378033638, 0.0020574554800987244]",0.19377110332027353,0.029548186651151963
2026-03-11T14:13:01,data/playroom/images/DSC05614.jpg,"[1.7666112184524536, -0.15202711522579193, 2.022629499435425, 1.8589016199111938, -0.060751669108867645, 3.129782199859619]","[1.609703779220581, -0.1419975310564041, 1.8512258529663086, 1.6916755437850952, -0.06658284366130829, 3.0333075523376465]",Failed,200,"[2.174234390258789, -0.04973132163286209, 1.6746641397476196, 1.7700650691986084, 0.030835311859846115, -3.0398056507110596]",369447472.699087,current,"[-0.40762317180633545, -0.10229579359292984, 0.3479653596878052]","[0.08883655071258545, -0.09158698096871376, 6.169587850570679]",0.5456198045552674,0.1698807405712909
2026-03-11T14:13:05,data/playroom/images/DSC05798.jpg,"[2.3960964679718018, -1.3782674074172974, 0.6992905139923096, 0.7013957500457764, 0.35212355852127075, -1.5853017568588257]","[2.399998664855957, -1.4597980976104736, 0.6512159705162048, 0.723383367061615, 0.3850916624069214, -1.5987991094589233]",Success,15,"[2.592644453048706, -1.2394382953643799, 0.8040747046470642, 0.752100944519043, 0.4004998803138733, -1.570421576499939]",580485911.2322667,current,"[-0.1965479850769043, -0.13882911205291748, -0.10478419065475464]","[-0.0507051944732666, -0.04837632179260254, -0.014880180358886719]",0.2624583003114294,0.06765734921838773
2026-03-11T14:13:55,data/playroom/images/DSC05593.jpg,"[-3.037055253982544, -0.22201532125473022, -1.0582994222640991, 1.4700422286987305, 1.130255103111267, 1.5682352781295776]","[-3.0134615898132324, -0.22777314484119415, -1.085674524307251, 1.3877851963043213, 1.1904505491256714, 1.6388837099075317]",Failed,200,"[-3.4908623695373535, 0.6278137564659119, -1.8875994682312012, 1.1680210828781128, 1.2013343572616577, 1.2141691446304321]",537110074.2847584,current,"[0.45380711555480957, -0.8498290777206421, 0.829300045967102]","[0.3020211458206177, -0.07107925415039062, 0.3540661334991455]",1.2711761977431497,0.15742841708675895
2026-03-11T14:13:55,data/playroom/images/DSC05629.jpg,"[1.760515570640564, -0.721840500831604, -2.3350932598114014, 1.6556628942489624, -1.1521623134613037, -1.4281870126724243]","[1.6372586488723755, -0.7786927819252014, -2.4966351985931396, 1.5935735702514648, -1.2178864479064941, -1.5198068618774414]",Success,0,"[1.6372586488723755, -0.7786927819252014, -2.4966351985931396, 1.5935735702514648, -1.2178864479064941, -1.5198068618774414]",534532988.9196723,current,"[0.12325692176818848, 0.05685228109359741, 0.16154193878173828]","[0.06208932399749756, 0.06572413444519043, 0.09161984920501709]",0.2109982194585481,0.16464247486246983
2026-03-11T14:29:09,data/playroom/images/DSC05731.jpg,"[3.4218966960906982, -0.9050403237342834, 4.088110446929932, -2.8841793537139893, -0.34622013568878174, -3.071820020675659]","[3.6688461303710938, -0.881257176399231, 4.321531772613525, -2.7888236045837402, -0.36080363392829895, -3.365999460220337]",Success,9,"[3.506192922592163, -0.24695391952991486, 4.267393589019775, -2.7547335624694824, -0.34995031356811523, 3.020369052886963]",418916814.21978194,current,"[-0.08429622650146484, -0.6580864042043686, -0.17928314208984375]","[-0.12944579124450684, 0.003730177879333496, -6.092189073562622]",0.6872597865717366,0.19062577280491436
2026-03-11T14:29:11,data/playroom/images/DSC05756.jpg,"[3.1515731811523438, -0.7819878458976746, -4.415480136871338, 0.06636515259742737, -0.04906156286597252, -0.02936900407075882]","[3.2469265460968018, -0.7780357003211975, -4.755527496337891, 0.06702842563390732, -0.04902348667383194, -0.03217942267656326]",Success,2,"[3.3051445484161377, -0.7349422574043274, -4.669164657592773, 0.07244445383548737, -0.05739673599600792, -0.031546954065561295]",471927459.5809224,current,"[-0.15357136726379395, -0.04704558849334717, 0.25368452072143555]","[-0.0060793012380599976, 0.0083351731300354, 0.002177949994802475]",0.3002553717981094,0.010476990709084824
2026-03-11T14:29:23,data/playroom/images/DSC05634.jpg,"[3.1866612434387207, 0.5935469269752502, -3.6239638328552246, 0.46880120038986206, -0.7339097261428833, -0.3827268183231354]","[3.4602909088134766, 0.6167795658111572, -3.7758474349975586, 0.46515414118766785, -0.8060609102249146, -0.37362438440322876]",Success,47,"[3.8595006465911865, 0.024536577984690666, -3.262920379638672, 0.4484689235687256, -0.8449328541755676, -0.3981247842311859]",522410154.0184194,current,"[-0.6728394031524658, 0.5690103489905596, -0.36104345321655273]","[0.020332276821136475, 0.11102312803268433, 0.015397965908050537]",0.9522804286571566,0.11584784588459349
2026-03-11T14:29:33,data/playroom/images/DSC05674.jpg,"[0.6511658430099487, 0.6133297681808472, -0.04340268671512604, 1.026340365409851, 1.1464617252349854, 1.642136573791504]","[0.6543750166893005, 0.6361193060874939, -0.04185826703906059, 1.002996563911438, 1.2555893659591675, 1.6276190280914307]",Success,35,"[0.740708589553833, 0.4879835546016693, 0.29460206627845764, 1.2303364276885986, 1.2147138118743896, 1.8701127767562866]",331568251.0003767,current,"[-0.08954274654388428, 0.12534621357917786, -0.3380047529935837]","[-0.20399606227874756, -0.0682520866394043, -0.22797620296478271]",0.37145227117829377,0.11021016419234572
2026-03-11T14:29:39,data/playroom/images/DSC05683.jpg,"[0.4697941243648529, 1.6034678220748901, 1.2382357120513916, 0.5322061777114868, 0.04015221819281578, 0.021527834236621857]","[0.48042404651641846, 1.6736685037612915, 1.3225785493850708, 0.5066414475440979, 0.036569055169820786, 0.020205629989504814]",Success,23,"[0.45851489901542664, 1.4299070835113525, 1.124526023864746, 0.46778589487075806, 0.03493836894631386, 0.03194170072674751]",463441378.0782403,current,"[0.01127922534942627, 0.1735607385635376, 0.11370968818664551]","[0.06442028284072876, 0.005213849246501923, -0.010413866490125656]",0.20779904735755633,0.06584772121636824
2026-03-11T14:29:48,data/playroom/images/DSC05611.jpg,"[1.8131767511367798, -2.09845232963562, 1.5451080799102783, 2.938943386077881, -0.06548235565423965, -3.1166832447052]","[1.798547387123108, -2.0302772521972656, 1.699480652809143, 3.003002643585205, -0.07163435965776443, -3.393732786178589]",Success,34,"[2.3367156982421875, -2.128904342651367, 0.9192490577697754, 2.9442262649536133, -0.11526701599359512, 3.0994675159454346]",481455498.3073654,current,"[-0.5235389471054077, 0.03045201301574707, 0.6258590221405029]","[-0.005282878875732422, 0.04978466033935547, -6.216150760650635]",0.8165291604269971,0.08327771627440722
2026-03-11T14:29:50,data/playroom/images/DSC05783.jpg,"[-1.6412301063537598, -0.2247534990310669, -5.166261196136475, -0.4169752299785614, 0.20644286274909973, -0.7797431945800781]","[-1.6525688171386719, -0.23005829751491547, -4.857247352600098, -0.4110291004180908, 0.20547309517860413, -0.7827697992324829]",Success,4,"[-1.6944700479507446, -0.3209741711616516, -4.835610866546631, -0.427158385515213, 0.201346755027771, -0.789772629737854]",464656757.3096839,current,"[0.05323994159698486, 0.09622067213058472, -0.33065032958984375]","[0.010183155536651611, 0.005096107721328735, 0.010029435157775879]",0.34845738560745726,0.01374391176827392
2026-03-11T14:30:00,data/playroom/images/DSC05647.jpg,"[-0.7567421793937683, -1.1147541999816895, -0.8004167675971985, 1.7476141452789307, 1.159184455871582, 1.567091703414917]","[-0.8187114000320435, -1.1461504697799683, -0.801190197467804, 1.842068076133728, 1.0867230892181396, 1.5119543075561523]",Success,37,"[-0.6421912908554077, -1.5916163921356201, -1.7597084045410156, 1.5173951387405396, 0.9975809454917908, 1.3437414169311523]",197384837.1461541,current,"[-0.1145508885383606, 0.47686219215393066, 0.9592916369438171]","[0.2302190065383911, 0.16160351037979126, 0.22335028648376465]",1.0773856788917924,0.19496171013815172
2026-03-11T14:30:02,data/playroom/images/DSC05589.jpg,"[-3.393268346786499, 0.37683960795402527, -3.593862771987915, 1.6474868059158325, 1.1794010400772095, 1.5808416604995728]","[-3.242581367492676, 0.4047612249851227, -3.386899471282959, 1.6425044536590576, 1.155527949333191, 1.5535378456115723]",Success,3,"[-3.2803890705108643, 0.2928733229637146, -3.422708749771118, 1.6432262659072876, 1.1520391702651978, 1.5744832754135132]",449518764.4274406,current,"[-0.11287927627563477, 0.08396628499031067, -0.17115402221679688]","[0.004260540008544922, 0.02736186981201172, 0.00635838508605957]",0.22155308020556372,0.027521852048558008
2026-03-11T14:30:08,data/playroom/images/DSC05694.jpg,"[-2.1760334968566895, 2.3199479579925537, -1.4232491254806519, -1.7008336782455444, 0.3518521785736084, -1.9618136882781982]","[-2.0772781372070312, 2.103584051132202, -1.3250619173049927, -1.8034226894378662, 0.3305985927581787, -1.9602183103561401]",Success,21,"[-1.5529799461364746, 2.3600027561187744, -1.5087233781814575, -1.7247563600540161, 0.2860839366912842, -1.986580491065979]",256226670.15358484,current,"[-0.6230535507202148, -0.0400547981262207, 0.08547425270080566]","[0.02392268180847168, 0.06576824188232422, 0.02476680278778076]",0.6301634405396435,0.07168707699542397
2026-03-11T14:30:16,data/playroom/images/DSC05625.jpg,"[2.5172932147979736, -1.8435211181640625, 0.40192317962646484, 1.512284278869629, -1.149131417274475, -1.2708157300949097]","[2.4169461727142334, -1.9148377180099487, 0.42823904752731323, 1.5952978134155273, -1.1988879442214966, -1.347223162651062]",Success,29,"[2.2972092628479004, -1.846773386001587, 0.3917470872402191, 1.5273576974868774, -1.170350432395935, -1.2794097661972046]",282295730.2956426,current,"[0.22008395195007324, 0.003252267837524414, 0.010176092386245728]","[-0.015073418617248535, 0.02121901512145996, 0.008594036102294922]",0.22034308704450556,0.022667040802019162
2026-03-11T14:30:32,data/playroom/images/DSC05774.jpg,"[3.694530725479126, -0.7777143716812134, -4.514017581939697, 0.3019178807735443, -0.7154775857925415, -0.441245973110199]","[3.4104135036468506, -0.8548412919044495, -4.25106143951416, 0.31216832995414734, -0.6531092524528503, -0.46196404099464417]",Success,52,"[3.211942195892334, -0.5390135049819946, -4.68908166885376, 0.3016274571418762, -0.6673926711082458, -0.4325504004955292]",378089202.912217,current,"[0.482588529586792, -0.23870086669921875, 0.1750640869140625]","[0.0002904236316680908, -0.048084914684295654, -0.0086955726146698]",0.5661424089208956,0.04883257973748518
2026-03-11T14:30:38,data/playroom/images/DSC05757.jpg,"[3.1148624420166016, -0.7350034117698669, -4.3299641609191895, -0.3571987450122833, -0.05338659882545471, -0.043030112981796265]","[3.113809108734131, -0.7933343648910522, -4.243216037750244, -0.33153849840164185, -0.05397927016019821, -0.04084135219454765]",Success,17,"[2.87925124168396, -0.5724340677261353, -4.554664134979248, -0.3116898536682129, -0.028192350640892982, -0.07493331283330917]",490442707.05923235,current,"[0.2356112003326416, -0.1625693440437317, 0.2246999740600586]","[-0.045508891344070435, -0.02519424818456173, 0.03190319985151291]",0.3639114008760764,0.0600405833654065
2026-03-11T14:30:46,data/playroom/images/DSC05649.jpg,"[-0.995735228061676, -1.21193265914917, -0.6560700535774231, 0.5896468758583069, 0.031165258958935738, 0.014671344310045242]","[-1.0126845836639404, -1.0933358669281006, -0.7172104716300964, 0.5661788582801819, 0.03217737004160881, 0.015001717954874039]",Success,27,"[-1.0062204599380493, -1.0501093864440918, -0.5667744278907776, 0.6192998886108398, 0.030694685876369476, 0.020829834043979645]",361226890.2337853,current,"[0.010485231876373291, -0.16182327270507812, -0.08929562568664551]","[-0.02965301275253296, 0.0004705730825662613, -0.0061584897339344025]",0.18512271725332066,0.030102356755839967
2026-03-11T14:31:27,data/playroom/images/DSC05801.jpg,"[2.2545464038848877, -0.755365252494812, -0.8659251928329468, 2.480745792388916, 0.4583202302455902, -1.6376402378082275]","[2.152308702468872, -0.7696248292922974, -0.8786611557006836, 2.2933521270751953, 0.49373891949653625, -1.737707257270813]",Failed,200,"[0.8012542128562927, 0.41779986023902893, 0.7337432503700256, 2.6392297744750977, 0.37764772772789, -1.5802576541900635]",317535602.5738035,current,"[1.453292191028595, -1.173165112733841, -1.5996684432029724]","[-0.15848398208618164, 0.0806725025177002, -0.05738258361816406]",2.4591286469845213,0.16586677514817016
2026-03-11T14:31:40,data/playroom/images/DSC05680.jpg,"[-0.5765824317932129, 0.1332968920469284, -0.9717545509338379, -0.6522791385650635, 0.29136398434638977, -1.4396065473556519]","[-0.6025169491767883, 0.14000555872917175, -0.875419020652771, -0.6572903394699097, 0.2889060378074646, -1.3878878355026245]",Success,65,"[-0.5270645022392273, -0.2662644684314728, -0.8269741535186768, -0.6633803248405457, 0.2445048838853836, -1.3878291845321655]",478318863.34816,current,"[-0.049517929553985596, 0.3995613604784012, -0.14478039741516113]","[0.011101186275482178, 0.046859100461006165, -0.05177736282348633]",0.42785823541256784,0.0728267538444963
2026-03-11T14:32:08,data/playroom/images/DSC05769.jpg,"[0.3829261362552643, -3.293001651763916, 1.5860282182693481, 1.99832284450531, 0.02915702387690544, -3.126523733139038]","[0.371491938829422, -3.2174782752990723, 1.7150076627731323, 1.8972487449645996, 0.02679567039012909, -3.1104214191436768]",Success,132,"[0.35083040595054626, -3.282127857208252, 1.7774907350540161, 2.012810468673706, -0.001126250484958291, -3.1348276138305664]",213433171.4548274,current,"[0.03209573030471802, -0.010873794555664062, -0.19146251678466797]","[-0.014487624168395996, 0.030283274361863732, 0.00830388069152832]",0.19443834664322582,0.034630508181566974
2026-03-11T14:32:36,data/playroom/images/DSC05765.jpg,"[-4.0425310134887695, -2.115267753601074, -0.916709303855896, 0.7532484531402588, 1.185231328010559, 1.5569002628326416]","[-4.3304362297058105, -2.156052350997925, -0.9294127225875854, 0.7261321544647217, 1.1613318920135498, 1.6048645973205566]",Success,126,"[-4.256280422210693, -1.9726552963256836, -0.7077734470367432, 0.847978949546814, 1.1821428537368774, 1.6246826648712158]",251960902.04515582,current,"[0.21374940872192383, -0.14261245727539062, -0.20893585681915283]","[-0.09473049640655518, 0.0030884742736816406, -0.06778240203857422]",0.33118169478980974,0.04105479315470395
2026-03-11T14:33:21,data/playroom/images/DSC05769.jpg,"[0.3829261362552643, -3.293001651763916, 1.5860282182693481, 1.99832284450531, 0.02915702387690544, -3.126523733139038]","[0.3914571702480316, -2.999565362930298, 1.5660587549209595, 1.8923439979553223, 0.031467512249946594, -3.0730319023132324]",Failed,200,"[-0.9728949666023254, -2.744234561920166, 1.4190888404846191, 2.0025174617767334, -0.0028194875922054052, 3.017569065093994]",475987615.7425176,current,"[1.3558211028575897, -0.54876708984375, 0.166939377784729]","[-0.00419461727142334, 0.031976511469110847, -6.144092798233032]",1.4721633529281666,0.142830339199499
2026-03-11T14:33:22,data/playroom/images/DSC05652.jpg,"[-0.676211416721344, -1.0475212335586548, -1.0888856649398804, 2.7096259593963623, -0.7466514110565186, -2.689979314804077]","[-0.6391803622245789, -1.1277620792388916, -1.0168296098709106, 2.8812713623046875, -0.7448223829269409, -2.909634828567505]",Success,0,"[-0.6391803622245789, -1.1277620792388916, -1.0168296098709106, 2.8812713623046875, -0.7448223829269409, -2.909634828567505]",375716740.97630095,current,"[-0.03703105449676514, 0.08024084568023682, -0.07205605506896973]","[-0.1716454029083252, -0.0018290281295776367, 0.21965551376342773]",0.11402616973626872,0.16274620028994038
2026-03-11T14:33:59,data/playroom/images/DSC05639.jpg,"[-4.475277900695801, 1.050836205482483, -3.07582688331604, -1.33357834815979, 0.5442309975624084, -0.7638301253318787]","[-4.162322521209717, 1.0090281963348389, -3.3058104515075684, -1.4496433734893799, 0.5902476906776428, -0.7633894085884094]",Failed,200,"[-4.406491279602051, 0.9319676160812378, -2.722116708755493, -1.428161859512329, 0.5557920336723328, -0.7819818258285522]",241901232.1930368,current,"[-0.06878662109375, 0.11886858940124512, -0.3537101745605469]","[0.09458351135253906, -0.011561036109924316, 0.018151700496673584]",0.3794367251273781,0.0872588337362074
2026-03-11T14:34:37,data/playroom/images/DSC05590.jpg,"[-3.2695865631103516, 1.4456467628479004, -3.167814254760742, 1.4220614433288574, 1.1107289791107178, 1.6466435194015503]","[-2.9733028411865234, 1.5338592529296875, -2.9778895378112793, 1.4738390445709229, 1.0640127658843994, 1.5877394676208496]",Failed,200,"[-4.01935338973999, 1.5105106830596924, -2.0254721641540527, 1.772795557975769, 1.0378438234329224, 1.8638628721237183]",741770368.8934281,current,"[0.7497668266296387, -0.06486392021179199, -1.1423420906066895]","[-0.3507341146469116, 0.07288515567779541, -0.21721935272216797]",1.3679558013441744,0.20328130911824763
2026-03-11T14:35:07,data/playroom/images/DSC05678.jpg,"[-1.1136949062347412, -0.2880478799343109, -0.22277987003326416, -1.5001626014709473, 0.44569236040115356, -1.2843685150146484]","[-1.2128452062606812, -0.2606612741947174, -0.21590277552604675, -1.5351853370666504, 0.4067320227622986, -1.1898269653320312]",Success,151,"[-1.3491488695144653, 0.05369395762681961, -0.5475226044654846, -1.455406665802002, 0.38736212253570557, -1.3305995464324951]",468057351.2847212,current,"[0.23545396327972412, -0.3417418375611305, 0.32474273443222046]","[-0.04475593566894531, 0.058330237865448, 0.04623103141784668]",0.5269572050274135,0.0959992520116138
2026-03-11T14:35:10,data/playroom/images/DSC05641.jpg,"[-3.0602684020996094, 1.0138071775436401, -3.219647169113159, 0.2460869550704956, -0.1300412118434906, -1.6923766136169434]","[-2.879009246826172, 0.9576045274734497, -3.3066799640655518, 0.23692983388900757, -0.12288786470890045, -1.6796513795852661]",Success,15,"[-2.631720542907715, 1.025098204612732, -3.279705286026001, 0.2864806652069092, -0.12123028934001923, -1.6425940990447998]",552213312.7149627,current,"[-0.42854785919189453, -0.011291027069091797, 0.0600581169128418]","[-0.040393710136413574, -0.008810922503471375, -0.049782514572143555]",0.43288304692762847,0.06849218954013261
2026-03-11T14:35:32,data/playroom/images/DSC05632.jpg,"[1.6096314191818237, 1.0973036289215088, -1.5626455545425415, 0.7427878379821777, -1.168723225593567, -1.5278294086456299]","[1.7175376415252686, 1.186871886253357, -1.570296287536621, 0.6833429932594299, -1.0633318424224854, -1.5038002729415894]",Success,100,"[1.731216549873352, 0.6774728894233704, -1.324874997138977, 0.8155682682991028, -1.2005856037139893, -1.6357638835906982]",213051476.80717853,current,"[-0.12158513069152832, 0.4198307394981384, -0.23777055740356445]","[-0.07278043031692505, 0.03186237812042236, 0.10793447494506836]",0.4975697255670119,0.05835289321103901
2026-03-11T14:36:08,data/playroom/images/DSC05686.jpg,"[1.5119001865386963, -0.726080060005188, 1.5257847309112549, 0.4988270103931427, 0.9321917295455933, 1.3475120067596436]","[1.6522470712661743, -0.7960650324821472, 1.3822344541549683, 0.48807960748672485, 0.9692639112472534, 1.4418070316314697]",Failed,200,"[1.2887622117996216, -0.593555212020874, 2.0107271671295166, 0.5852117538452148, 1.03021240234375, 1.3583312034606934]",396280024.96858156,current,"[0.2231379747390747, -0.13252484798431396, -0.4849424362182617]","[-0.08638474345207214, -0.09802067279815674, -0.010819196701049805]",0.5500205064806442,0.12500831180056154
2026-03-11T14:36:29,data/playroom/images/DSC05700.jpg,"[1.936938762664795, 1.9082388877868652, -0.5619044303894043, 0.6671366691589355, 0.553315281867981, -1.3862086534500122]","[1.9720479249954224, 1.7212589979171753, -0.5529239177703857, 0.6700513362884521, 0.5233334302902222, -1.505651593208313]",Success,103,"[2.2133402824401855, 1.7890595197677612, -0.4360116422176361, 0.710594892501831, 0.547507107257843, -1.4032059907913208]",529352139.38572574,current,"[-0.2764015197753906, 0.119179368019104, -0.1258927881717682]","[-0.04345822334289551, 0.0058081746101379395, 0.016997337341308594]",0.3262675527986814,0.0546253816395743
2026-03-11T14:36:33,data/playroom/images/DSC05803.jpg,"[-1.0372475385665894, -0.8262447714805603, 0.13230478763580322, 2.207407236099243, 0.4819032549858093, -1.7421787977218628]","[-1.1381309032440186, -0.8605151772499084, 0.13197825849056244, 2.343083620071411, 0.5252746343612671, -1.7025200128555298]",Success,26,"[-0.48375117778778076, -1.0366666316986084, -0.6184310913085938, 2.0844547748565674, 0.47477012872695923, -1.8048958778381348]",417790058.8256994,current,"[-0.5534963607788086, 0.2104218602180481, 0.750735878944397]","[0.12295246124267578, 0.007133126258850098, 0.06271708011627197]",0.9561589515281573,0.10953822224978267
2026-03-11T14:37:08,data/playroom/images/DSC05705.jpg,"[-2.8198859691619873, 0.6919413208961487, 3.3945159912109375, -1.8589417934417725, 0.4334145784378052, -1.6512477397918701]","[-2.559135913848877, 0.7250837087631226, 3.5739660263061523, -1.731034755706787, 0.3987370729446411, -1.7415298223495483]",Failed,200,"[-1.4161174297332764, 1.85432767868042, 2.4006612300872803, -1.5464314222335815, 0.39859476685523987, -1.826735019683838]",1112434131.306463,current,"[-1.403768539428711, -1.1623863577842712, 0.9938547611236572]","[-0.3125103712081909, 0.03481981158256531, 0.17548727989196777]",2.0759227931840245,0.41686171865998034
2026-03-11T14:37:42,data/playroom/images/DSC05612.jpg,"[1.7381905317306519, -1.2985646724700928, 1.6286336183547974, 2.7091116905212402, -0.10308341681957245, 3.108478546142578]","[1.5667001008987427, -1.2147939205169678, 1.7230490446090698, 2.4940361976623535, -0.10481732338666916, 3.053614377975464]",Failed,200,"[-1.5103874206542969, -0.5693249106407166, 1.4872435331344604, 2.6471431255340576, 0.23980648815631866, 2.885188341140747]",260696064.9950933,current,"[3.2485779523849487, -0.7292397618293762, 0.14139008522033691]","[0.06196856498718262, -0.3428899049758911, 0.22329020500183105]",3.332422617129041,0.4108882083473401
2026-03-11T14:37:43,data/playroom/images/DSC05691.jpg,"[-2.349872589111328, 2.344310998916626, -1.3249989748001099, 0.11626428365707397, 0.8729490637779236, -1.4688800573349]","[-2.390960931777954, 2.5645911693573, -1.313107967376709, 0.11006474494934082, 0.9158062934875488, -1.4761754274368286]",Success,5,"[-2.301473379135132, 2.7305731773376465, -1.1038620471954346, 0.13816465437412262, 0.9416189193725586, -1.456371784210205]",424824877.66389847,current,"[-0.04839920997619629, -0.3862621784210205, -0.2211369276046753]","[-0.021900370717048645, -0.06866985559463501, -0.012508273124694824]",0.4477080463374627,0.07014031077431768
2026-03-11T14:37:59,data/playroom/images/DSC05804.jpg,"[-1.9976105690002441, -0.6418123245239258, -0.060822758823633194, 2.119558572769165, 0.5983859896659851, -1.8914985656738281]","[-2.0162243843078613, -0.6056987643241882, -0.06162528693675995, 2.308842420578003, 0.5677710175514221, -1.7595878839492798]",Success,95,"[-1.5909589529037476, -1.1532472372055054, -1.1670680046081543, 1.9066569805145264, 0.5971895456314087, -2.0221850872039795]",479498349.52300185,current,"[-0.4066516160964966, 0.5114349126815796, 1.106245245784521]","[0.21290159225463867, 0.001196444034576416, 0.13068652153015137]",1.284799498211438,0.17619468684420556
2026-03-11T14:38:21,data/playroom/images/DSC05691.jpg,"[-2.349872589111328, 2.344310998916626, -1.3249989748001099, 0.11626428365707397, 0.8729490637779236, -1.4688800573349]","[-2.4407565593719482, 2.334427833557129, -1.2977590560913086, 0.10725075751543045, 0.8593798279762268, -1.324114441871643]",Success,118,"[-1.915869951248169, 2.3388702869415283, -1.2603490352630615, 0.171303853392601, 0.875210165977478, -1.4681495428085327]",453987959.962013,current,"[-0.4340026378631592, 0.005440711975097656, -0.06464993953704834]","[-0.05503956973552704, -0.0022611021995544434, -0.0007305145263671875]",0.43882514251250515,0.05452820390652171
2026-03-11T14:38:57,data/playroom/images/DSC05691.jpg,"[-2.349872589111328, 2.344310998916626, -1.3249989748001099, 0.11626428365707397, 0.8729490637779236, -1.4688800573349]","[-2.5548908710479736, 2.3754076957702637, -1.2712644338607788, 0.12788192927837372, 0.8233574032783508, -1.56956148147583]",Failed,200,"[-2.922994613647461, 2.3023664951324463, -1.4201552867889404, 0.04318031296133995, 0.8642664551734924, -1.4698857069015503]",538212538.7947321,current,"[0.5731220245361328, 0.04194450378417969, 0.09515631198883057]","[0.07308397069573402, 0.008682608604431152, 0.0010056495666503906]",0.5824799740054695,0.07283826058328037
2026-03-11T14:39:03,data/playroom/images/DSC05602.jpg,"[-2.429267644882202, -1.3590024709701538, 2.54618239402771, 1.9707077741622925, 0.6376680731773376, 2.7275197505950928]","[-2.565091371536255, -1.371080756187439, 2.3243088722229004, 1.8741788864135742, 0.6598483920097351, 2.6789863109588623]",Success,33,"[-2.4203574657440186, -1.5607775449752808, 2.1513638496398926, 1.884683609008789, 0.6464728713035583, 2.695343255996704]",268976273.4025987,current,"[-0.008910179138183594, 0.20177507400512695, 0.3948185443878174]","[0.08602416515350342, -0.008804798126220703, 0.03217649459838867]",0.443479711795888,0.07209247918318114
2026-03-11T14:39:05,data/playroom/images/DSC05668.jpg,"[-0.6203308701515198, -0.030977584421634674, -0.37247008085250854, -0.37376341223716736, -0.48634299635887146, -0.20843392610549927]","[-0.6549695134162903, -0.028501590713858604, -0.3427814543247223, -0.3560310900211334, -0.5113064646720886, -0.22318057715892792]",Success,6,"[-0.6167275905609131, -0.07461264729499817, -0.3332778215408325, -0.37361395359039307, -0.5093051791191101, -0.21643571555614471]",379862543.6008201,current,"[-0.0036032795906066895, 0.043635062873363495, -0.039192259311676025]","[-0.000149458646774292, 0.022962182760238647, 0.008001789450645447]",0.058762535051885945,0.024293369771918222
2026-03-11T14:39:07,data/playroom/images/DSC05757.jpg,"[3.1148624420166016, -0.7350034117698669, -4.3299641609191895, -0.3571987450122833, -0.05338659882545471, -0.043030112981796265]","[3.2743895053863525, -0.7084746956825256, -4.335391044616699, -0.35217520594596863, -0.049046654254198074, -0.04105544835329056]",Success,7,"[3.1522216796875, -0.7867929339408875, -4.356975555419922, -0.36262017488479614, -0.04552634432911873, -0.040139298886060715]",491141464.39525115,current,"[-0.03735923767089844, 0.05178952217102051, 0.027011394500732422]","[0.005421429872512817, -0.007860254496335983, -0.00289081409573555]",0.06933601285715454,0.009898612225812542
2026-03-11T14:39:42,data/playroom/images/DSC05617.jpg,"[3.265958309173584, -1.1782196760177612, 3.3285319805145264, 2.442413330078125, -0.5865393280982971, -2.868234395980835]","[3.104416847229004, -1.1298010349273682, 3.2302935123443604, 2.4618940353393555, -0.6002316474914551, -2.7970449924468994]",Failed,200,"[2.618191957473755, -1.619981050491333, 3.172147274017334, 2.400656223297119, -0.553533673286438, -2.8936374187469482]",406375260.2481275,current,"[0.6477663516998291, 0.4417613744735718, 0.15638470649719238]","[0.04175710678100586, -0.03300565481185913, 0.02540302276611328]",0.7995064319925757,0.06799274415258613
2026-03-11T14:39:43,data/playroom/images/DSC05759.jpg,"[0.310179203748703, -0.8616442680358887, -3.7049484252929688, -0.3203745484352112, -0.017888883128762245, -0.012233045883476734]","[0.33409297466278076, -0.9115903377532959, -3.545224905014038, -0.3252747654914856, -0.018333153799176216, -0.011631383560597897]",Success,0,"[0.33409297466278076, -0.9115903377532959, -3.545224905014038, -0.3252747654914856, -0.018333153799176216, -0.011631383560597897]",368534592.8972565,current,"[-0.02391377091407776, 0.04994606971740723, -0.15972352027893066]","[0.004900217056274414, 0.00044427067041397095, -0.0006016623228788376]",0.16905052868843998,0.004946181691847868
2026-03-11T14:39:43,data/playroom/images/DSC05750.jpg,"[0.02902339957654476, 1.334055781364441, 0.3132266402244568, 1.3486993312835693, 0.8433969020843506, 0.5973410606384277]","[0.030076902359724045, 1.4067217111587524, 0.33317509293556213, 1.3594725131988525, 0.843261182308197, 0.6102790832519531]",Success,1,"[-0.006827592384070158, 1.3720251321792603, 0.31624019145965576, 1.3550746440887451, 0.8440319299697876, 0.6133353114128113]",53259430.49253312,current,"[0.03585099196061492, -0.037969350814819336, -0.0030135512351989746]","[-0.006375312805175781, -0.0006350278854370117, -0.015994250774383545]",0.05230723388696889,0.012020770145716524
2026-03-11T14:40:17,data/playroom/images/DSC05657.jpg,"[-0.9248780608177185, -0.5179148316383362, -0.7200007438659668, 2.620180130004883, -0.01706792786717415, 3.099238634109497]","[-0.8588613271713257, -0.48369190096855164, -0.7126521468162537, 2.5340850353240967, -0.017542408779263496, 2.8294451236724854]",Failed,200,"[-2.2341666221618652, -0.8754084706306458, -1.5180727243423462, 2.4092862606048584, 0.24235129356384277, 2.922499656677246]",279286544.4436944,current,"[1.3092885613441467, 0.35749363899230957, 0.7980719804763794]","[0.21089386940002441, -0.2594192214310169, 0.17673897743225098]",1.574470426781043,0.3661545235552388
2026-03-11T14:40:22,data/playroom/images/DSC05631.jpg,"[1.450779676437378, 0.478020578622818, -1.7624249458312988, 1.0820454359054565, -1.2033189535140991, -1.4246271848678589]","[1.4194873571395874, 0.490838885307312, -1.6682032346725464, 1.063485860824585, -1.2319356203079224, -1.4814461469650269]",Success,22,"[1.1943345069885254, 0.5467424988746643, -2.3887877464294434, 0.8517342209815979, -1.161178469657898, -1.2672157287597656]",576581563.4252481,current,"[0.25644516944885254, -0.06872192025184631, 0.6263628005981445]","[0.23031121492385864, -0.04214048385620117, -0.15741145610809326]",0.6803066846870629,0.11163656620092702
2026-03-11T14:40:25,data/playroom/images/DSC05731.jpg,"[3.4218966960906982, -0.9050403237342834, 4.088110446929932, -2.8841793537139893, -0.34622013568878174, -3.071820020675659]","[3.1943936347961426, -0.9261955618858337, 3.8700766563415527, -2.981546401977539, -0.3579106032848358, -3.0649502277374268]",Success,15,"[2.8002378940582275, -0.8938136696815491, 4.38916540145874, -2.925095796585083, -0.29569241404533386, -3.027390241622925]",390671301.54081845,current,"[0.6216588020324707, -0.011226654052734375, -0.3010549545288086]","[0.04091644287109375, -0.050527721643447876, -0.044429779052734375]",0.6908109651359114,0.07108487023158701
2026-03-11T14:40:26,data/playroom/images/DSC05657.jpg,"[-0.9248780608177185, -0.5179148316383362, -0.7200007438659668, 2.620180130004883, -0.01706792786717415, 3.099238634109497]","[-0.9075343608856201, -0.5629831552505493, -0.7718620300292969, 2.5862958431243896, -0.01637880504131317, 3.1434738636016846]",Success,5,"[-0.8879984021186829, -0.5999966859817505, -0.7986857295036316, 2.5857038497924805, -0.016931802034378052, 3.1349403858184814]",203995512.26666355,current,"[-0.036879658699035645, 0.0820818543434143, 0.0786849856376648]","[0.034476280212402344, -0.0001361258327960968, -0.035701751708984375]",0.11953604896854485,0.04920644535033142
2026-03-11T14:40:37,data/playroom/images/DSC05704.jpg,"[0.23705461621284485, 2.6580810546875, -0.7339901328086853, 2.1790997982025146, -0.26144081354141235, -3.0218453407287598]","[0.23341234028339386, 2.4684295654296875, -0.690353274345398, 2.066845178604126, -0.2624197006225586, -2.891061544418335]",Success,66,"[-0.29299047589302063, 2.81408429145813, -0.6525909900665283, 2.224771022796631, -0.178144633769989, -3.1282477378845215]",226370882.78072613,current,"[0.5300450921058655, -0.15600323677062988, -0.08139914274215698]","[-0.04567122459411621, -0.08329617977142334, 0.10640239715576172]",0.5584895970271843,0.13496786440392367
2026-03-11T14:40:44,data/playroom/images/DSC05604.jpg,"[-3.1477205753326416, -1.812584638595581, 2.390840768814087, 2.72532320022583, -0.10915501415729523, 3.1193814277648926]","[-3.3574025630950928, -1.7061575651168823, 2.4428138732910156, 2.813880443572998, -0.10122541338205338, 3.001464605331421]",Success,38,"[-2.9396414756774902, -2.2937190532684326, 2.2809553146362305, 2.6851837635040283, -0.14455726742744446, 3.0896096229553223]",248559782.2532611,current,"[-0.20807909965515137, 0.48113441467285156, 0.10988545417785645]","[0.04013943672180176, 0.03540225327014923, 0.029771804809570312]",0.5355950426728758,0.0636621685607929
2026-03-11T14:40:56,data/playroom/images/DSC05595.jpg,"[-3.136659622192383, 0.8497186303138733, -0.5894355773925781, 0.8737390041351318, 1.1482502222061157, 1.6256171464920044]","[-3.031696081161499, 0.7801750302314758, -0.5387226939201355, 0.8410109281539917, 1.192421793937683, 1.675845980644226]",Success,63,"[-3.1681134700775146, 0.703447699546814, -0.6741285920143127, 0.8770590424537659, 1.1363697052001953, 1.6568633317947388]",185699985.3935719,current,"[0.031453847885131836, 0.14627093076705933, 0.08469301462173462]","[-0.003320038318634033, 0.01188051700592041, -0.031246185302734375]",0.17192276306516316,0.030655510279092916
2026-03-11T14:41:29,data/playroom/images/DSC05610.jpg,"[-0.7781591415405273, -0.47370511293411255, 2.3789472579956055, 1.712610125541687, -0.09603841602802277, -3.082653522491455]","[-0.7110787630081177, -0.503478467464447, 2.522303581237793, 1.5524245500564575, -0.08872301131486893, -3.146379232406616]",Failed,200,"[-0.6815381646156311, -0.7077143788337708, 2.7408483028411865, 1.6579900979995728, -0.12112709134817123, -3.0599381923675537]",410675061.40906227,current,"[-0.09662097692489624, 0.2340092658996582, -0.36190104484558105]","[0.05462002754211426, 0.025088675320148468, -0.022715330123901367]",0.4416653891456082,0.062125253935208
2026-03-11T14:42:03,data/playroom/images/DSC05801.jpg,"[2.2545464038848877, -0.755365252494812, -0.8659251928329468, 2.480745792388916, 0.4583202302455902, -1.6376402378082275]","[2.4492075443267822, -0.7870363593101501, -0.847903311252594, 2.5880565643310547, 0.4443303942680359, -1.6955748796463013]",Failed,200,"[1.9532755613327026, -2.1650023460388184, -1.9595777988433838, 2.6107964515686035, 0.7550348043441772, -1.6472034454345703]",376574439.353644,current,"[0.30127084255218506, 1.4096370935440063, 1.093652606010437]","[-0.1300506591796875, -0.29671457409858704, 0.009563207626342773]",1.8093968273158647,0.3261019573359417
2026-03-11T14:42:09,data/playroom/images/DSC05587.jpg,"[-5.331881999969482, 1.3451656103134155, -3.7437727451324463, 0.41066262125968933, 0.7762283086776733, 0.4577920734882355]","[-5.329960346221924, 1.2820823192596436, -3.737213134765625, 0.42663148045539856, 0.7570980191230774, 0.44973498582839966]",Success,26,"[-5.050710678100586, 2.012092113494873, -4.070642471313477, 0.46018776297569275, 0.7151451706886292, 0.4482358992099762]",513432464.04847383,current,"[-0.2811713218688965, -0.6669265031814575, 0.3268697261810303]","[-0.04952514171600342, 0.06108313798904419, 0.009556174278259277]",0.7941612498611419,0.08316678936879658
2026-03-11T14:42:43,data/playroom/images/DSC05790.jpg,"[-0.9533851146697998, -2.1521153450012207, -0.5709627270698547, 2.1016085147857666, -0.048434626311063766, 3.0836899280548096]","[-1.015740156173706, -2.0208849906921387, -0.6055890321731567, 2.28794002532959, -0.04867241159081459, 3.2018394470214844]",Failed,200,"[0.873894214630127, 2.3291215896606445, 1.9241746664047241, 2.998396158218384, -0.273364394903183, -2.8890621662139893]",741953879.1042249,current,"[-1.8272793292999268, -4.481236934661865, -2.495137393474579]","[-0.8967876434326172, 0.22492976859211922, 5.972752094268799]",5.444827345672182,1.0150519573168553
2026-03-11T14:42:52,data/playroom/images/DSC05802.jpg,"[0.9127749800682068, -0.8690072298049927, -0.2639388144016266, 2.293771505355835, 0.4941198527812958, -1.724223017692566]","[0.8732273578643799, -0.9031407237052917, -0.2794421315193176, 2.371185541152954, 0.4588671624660492, -1.5562407970428467]",Success,54,"[0.9186083078384399, -1.0300257205963135, -0.6842544078826904, 2.2512574195861816, 0.5069133043289185, -1.7444679737091064]",206585270.82098615,current,"[-0.005833327770233154, 0.1610184907913208, 0.42031559348106384]","[0.04251408576965332, -0.01279345154762268, 0.020244956016540527]",0.4501401784032709,0.03943140100080947
2026-03-11T14:42:58,data/playroom/images/DSC05799.jpg,"[2.6029958724975586, -1.3767342567443848, 0.7655293345451355, 0.3427933156490326, 0.30508312582969666, -1.56023371219635]","[2.5903003215789795, -1.4889334440231323, 0.7599897384643555, 0.32090115547180176, 0.3275212347507477, -1.4622279405593872]",Success,34,"[2.5577898025512695, -2.398449420928955, 0.66810142993927, 0.3369372487068176, 0.11473466455936432, -1.65455162525177]",611207963.2229173,current,"[0.04520606994628906, 1.0217151641845703, 0.09742790460586548]","[0.005856066942214966, 0.19034846127033234, 0.09431791305541992]",1.0273449576848965,0.2119083846580008
2026-03-11T14:43:16,data/playroom/images/DSC05686.jpg,"[1.5119001865386963, -0.726080060005188, 1.5257847309112549, 0.4988270103931427, 0.9321917295455933, 1.3475120067596436]","[1.5964559316635132, -0.6647757291793823, 1.5383895635604858, 0.4899144470691681, 0.8778520822525024, 1.4780131578445435]",Success,102,"[1.8267852067947388, -0.8087022304534912, 1.346314549446106, 0.40426531434059143, 0.9055495262145996, 1.336316704750061]",255786646.50320834,current,"[-0.3148850202560425, 0.08262217044830322, 0.17947018146514893]","[0.09456169605255127, 0.026642203330993652, 0.01119530200958252]",0.3717371989273743,0.08996312128171656
2026-03-11T14:43:47,data/playroom/images/DSC05700.jpg,"[1.936938762664795, 1.9082388877868652, -0.5619044303894043, 0.6671366691589355, 0.553315281867981, -1.3862086534500122]","[2.0223026275634766, 1.7259109020233154, -0.5266074538230896, 0.731924295425415, 0.5282332301139832, -1.4901710748672485]",Success,165,"[1.8532053232192993, 1.9155182838439941, -0.5931186676025391, 0.6633548736572266, 0.5514406561851501, -1.3861079216003418]",492099956.7522861,current,"[0.0837334394454956, -0.007279396057128906, 0.031214237213134766]","[0.0037817955017089844, 0.0018746256828308105, -0.00010073184967041016]",0.08965827955703182,0.004269205711403371
2026-03-11T14:44:22,data/playroom/images/DSC05701.jpg,"[1.9635519981384277, 1.9137310981750488, -0.7358838319778442, -0.09866758435964584, 0.648935079574585, -1.632105827331543]","[2.030565023422241, 1.8036712408065796, -0.7435097098350525, -0.09964775294065475, 0.7047404646873474, -1.6110477447509766]",Failed,200,"[1.4049017429351807, 1.1922149658203125, -0.6572704315185547, -0.21050576865673065, 0.5813196897506714, -1.6871428489685059]",772168377.8417981,current,"[0.5586502552032471, 0.7215161323547363, -0.07861340045928955]","[0.11183818429708481, 0.06761538982391357, 0.05503702163696289]",0.9158906613884449,0.11399736305571502
2026-03-11T14:44:55,data/playroom/images/DSC05698.jpg,"[1.5589505434036255, 2.0869593620300293, -0.5351084470748901, 1.4997903108596802, 0.32914817333221436, -1.4962663650512695]","[1.4956474304199219, 1.9196827411651611, -0.4953858256340027, 1.3801794052124023, 0.33475691080093384, -1.4919277429580688]",Success,190,"[1.49484384059906, 0.16041629016399384, 0.1547521948814392, 1.5491621494293213, 0.21475854516029358, -1.7319037914276123]",472378019.7318814,current,"[0.06410670280456543, 1.9265430718660355, -0.6898606419563293]","[-0.04937183856964111, 0.11438962817192078, 0.23563742637634277]",2.0473362162624613,0.27789788774761204
2026-03-11T14:45:21,data/playroom/images/DSC05716.jpg,"[-0.11005605012178421, 0.5611809492111206, 2.7498207092285156, 1.9190738201141357, -1.1382802724838257, -1.7664998769760132]","[-0.1100752055644989, 0.5094765424728394, 2.7111032009124756, 1.7306090593338013, -1.0697382688522339, -1.6128981113433838]",Success,152,"[-0.31944704055786133, 0.39120686054229736, 2.9475457668304443, 1.917189121246338, -1.0861077308654785, -1.796478509902954]",161325050.38349217,current,"[0.20939099043607712, 0.16997408866882324, -0.1977250576019287]","[0.0018846988677978516, -0.05217254161834717, 0.029978632926940918]",0.33441138751287214,0.06103586308151522
2026-03-11T14:45:22,data/playroom/images/DSC05641.jpg,"[-3.0602684020996094, 1.0138071775436401, -3.219647169113159, 0.2460869550704956, -0.1300412118434906, -1.6923766136169434]","[-3.1389026641845703, 0.9637410640716553, -3.4763479232788086, 0.23777592182159424, -0.13342662155628204, -1.674112319946289]",Success,0,"[-3.1389026641845703, 0.9637410640716553, -3.4763479232788086, 0.23777592182159424, -0.13342662155628204, -1.674112319946289]",509874530.27504313,current,"[0.07863426208496094, 0.05006611347198486, 0.2567007541656494]","[0.008311033248901367, 0.003385409712791443, -0.018264293670654297]",0.27310298438693265,0.019345253614806764
2026-03-11T14:45:35,data/playroom/images/DSC05607.jpg,"[-0.912917971611023, -2.436012029647827, 1.4616739749908447, 2.87874436378479, -0.03970516845583916, 3.139934778213501]","[-0.9574795961380005, -2.3129584789276123, 1.5233075618743896, 3.122899293899536, -0.03838653489947319, 3.060529947280884]",Success,77,"[-1.127213478088379, 2.355328321456909, 1.8123219013214111, -2.632288932800293, 0.02177458629012108, -3.1006717681884766]",509339169.84028935,current,"[0.21429550647735596, -4.791340351104736, -0.3506479263305664]","[5.511033296585083, -0.061479754745960236, 6.2406065464019775]",4.808931159047795,0.7759637827315125
2026-03-11T14:45:38,data/playroom/images/DSC05777.jpg,"[2.200329303741455, 0.3802386224269867, -2.222437858581543, -0.4276857376098633, 0.056860100477933884, -1.422395944595337]","[2.237773895263672, 0.35354748368263245, -2.156648635864258, -0.4605640769004822, 0.059307292103767395, -1.463850498199463]",Success,16,"[2.058640956878662, 0.27094897627830505, -2.1254661083221436, -0.4776652753353119, 0.048364292830228806, -1.429640293121338]",390865257.9602858,current,"[0.14168834686279297, 0.10928964614868164, -0.09697175025939941]","[0.04997953772544861, 0.008495807647705078, 0.0072443485260009766]",0.20352723341210754,0.05083803927180134
2026-03-11T14:45:47,data/playroom/images/DSC05704.jpg,"[0.23705461621284485, 2.6580810546875, -0.7339901328086853, 2.1790997982025146, -0.26144081354141235, -3.0218453407287598]","[0.25983089208602905, 2.7796075344085693, -0.6815696358680725, 2.0849499702453613, -0.2521602511405945, -2.972858428955078]",Success,44,"[0.4709521532058716, 3.000631809234619, -0.6050359010696411, 2.251572608947754, -0.2763146758079529, -2.924990653991699]",210799124.53232765,current,"[-0.23389753699302673, -0.34255075454711914, -0.1289542317390442]","[-0.07247281074523926, 0.014873862266540527, -0.09685468673706055]",0.4343711214337483,0.13630731304570262
2026-03-11T14:46:24,data/playroom/images/DSC05656.jpg,"[-0.49182790517807007, -1.1248526573181152, -0.6904117465019226, 2.765105962753296, 0.6667561531066895, 2.823991298675537]","[-0.4429141879081726, -1.130875587463379, -0.7389879822731018, 2.4975028038024902, 0.658037543296814, 3.059220552444458]",Failed,200,"[3.001634359359741, -1.7128621339797974, 1.083080530166626, 2.6137373447418213, 0.03452929109334946, -3.005841016769409]",530396849.14381707,current,"[-3.4934622645378113, 0.5880094766616821, -1.7734922766685486]","[0.1513686180114746, 0.63222686201334, 5.829832315444946]",3.961730504943085,0.8173475028990081
2026-03-11T14:46:40,data/playroom/images/DSC05648.jpg,"[-0.6659720540046692, -1.1157841682434082, -0.8433563709259033, 0.7029054164886475, 0.6528458595275879, 0.35089021921157837]","[-0.6307064890861511, -1.0437510013580322, -0.8095325827598572, 0.7470507025718689, 0.7162286639213562, 0.35729095339775085]",Success,85,"[-0.9368724226951599, -1.2332353591918945, -0.7458339333534241, 0.706189751625061, 0.7089771032333374, 0.36229389905929565]",94680836.00953753,current,"[0.2709003686904907, 0.11745119094848633, -0.09752243757247925]","[-0.0032843351364135742, -0.05613124370574951, -0.011403679847717285]",0.3109540445820567,0.05695919569318555
2026-03-11T14:47:18,data/playroom/images/DSC05703.jpg,"[0.9303611516952515, 2.7644457817077637, 0.20723555982112885, -1.3882873058319092, 0.42883923649787903, -1.5329008102416992]","[1.0078861713409424, 3.0146334171295166, 0.20211994647979736, -1.3898252248764038, 0.3999030590057373, -1.4364405870437622]",Failed,200,"[1.559988260269165, 3.0842556953430176, -0.12729206681251526, -1.2087006568908691, 0.17762041091918945, -1.5449274778366089]",1334855495.2967381,current,"[-0.6296271085739136, -0.3198099136352539, 0.3345276266336441]","[-0.17958664894104004, 0.2512188255786896, 0.012026667594909668]",0.7814201236797489,0.3108523133087884
2026-03-11T14:47:41,data/playroom/images/DSC05715.jpg,"[-0.243507981300354, 0.7014294862747192, 2.836352586746216, 1.154148817062378, 0.3907057046890259, -1.610865831375122]","[-0.22491180896759033, 0.661048173904419, 3.006542682647705, 1.2091312408447266, 0.40771982073783875, -1.759995698928833]",Success,130,"[-0.5382869243621826, 0.7431354522705078, 2.6430647373199463, 1.0821924209594727, 0.37588682770729065, -1.6205832958221436]",297594757.3776741,current,"[0.2947789430618286, -0.041705965995788574, 0.19328784942626953]","[0.07195639610290527, 0.01481887698173523, 0.009717464447021484]",0.3549566249672246,0.07048841459222491
2026-03-11T14:47:47,data/playroom/images/DSC05641.jpg,"[-3.0602684020996094, 1.0138071775436401, -3.219647169113159, 0.2460869550704956, -0.1300412118434906, -1.6923766136169434]","[-3.253375768661499, 1.0730403661727905, -2.9616646766662598, 0.25488728284835815, -0.12207780033349991, -1.6458333730697632]",Success,26,"[-3.4585769176483154, 1.2126336097717285, -2.96209716796875, 0.2009224146604538, -0.1004265621304512, -1.6675623655319214]",486954980.154361,current,"[0.39830851554870605, -0.19882643222808838, -0.2575500011444092]","[0.04516454041004181, -0.029614649713039398, -0.024814248085021973]",0.5143088826771803,0.05722397894552813
2026-03-11T14:47:54,data/playroom/images/DSC05666.jpg,"[-0.12044360488653183, -0.014659471809864044, -0.2508082687854767, 0.058898575603961945, 0.98410564661026, 0.8389727473258972]","[-0.11472748965024948, -0.015209246426820755, -0.24732188880443573, 0.061644814908504486, 1.0389699935913086, 0.866475522518158]",Success,37,"[-0.14530475437641144, -0.08133742958307266, -0.09856244921684265, 0.056565381586551666, 1.027126669883728, 0.845643162727356]",364338731.74660313,current,"[0.024861149489879608, 0.06667795777320862, -0.15224581956863403]","[0.0023331940174102783, -0.04302102327346802, -0.00667041540145874]",0.16805599180894742,0.04389791897979676
2026-03-11T14:47:56,data/playroom/images/DSC05682.jpg,"[0.517747163772583, -0.678936779499054, -0.4027266502380371, 0.2838176190853119, 0.006674499716609716, 0.0008724380750209093]","[0.5510432720184326, -0.6247723698616028, -0.43755513429641724, 0.2737375795841217, 0.006968626752495766, 0.000827044015750289]",Success,5,"[0.4631630480289459, -0.5821849703788757, -0.39975109696388245, 0.29167336225509644, 0.017276303842663765, 0.01065867394208908]",631869280.6531332,current,"[0.054584115743637085, -0.09675180912017822, -0.002975553274154663]","[-0.007855743169784546, -0.010601804126054049, -0.009786235867068172]",0.11112691922675398,0.016371870332548163
2026-03-11T14:48:33,data/playroom/images/DSC05785.jpg,"[-0.23782213032245636, -2.3860039710998535, -0.4909844994544983, 1.1116942167282104, -1.1647329330444336, -1.6671702861785889]","[-0.24214516580104828, -2.5942492485046387, -0.4536559581756592, 1.1661432981491089, -1.146128535270691, -1.5019845962524414]",Failed,200,"[-0.46534115076065063, -1.447110652923584, 1.3800519704818726, 2.104367256164551, -1.2964838743209839, -2.427699089050293]",449909681.0378996,current,"[0.22751902043819427, -0.9388933181762695, -1.8710364699363708]","[-0.9926730394363403, 0.1317509412765503, 0.7605288028717041]",2.1057215009134413,0.3866499975239293
2026-03-11T14:48:35,data/playroom/images/DSC05669.jpg,"[-0.4143385887145996, 0.020643463358283043, -0.44933846592903137, 0.2507496178150177, -1.129591941833496, -1.0274738073349]","[-0.4544082581996918, 0.01974930614233017, -0.45751702785491943, 0.23097214102745056, -1.1034746170043945, -1.0335769653320312]",Success,8,"[-0.40400147438049316, 0.03399958461523056, -0.32478564977645874, 0.27519646286964417, -1.1322906017303467, -1.0585154294967651]",366713327.061987,current,"[-0.010337114334106445, -0.013356121256947517, -0.12455281615257263]","[-0.024446845054626465, 0.002698659896850586, 0.031041622161865234]",0.12569266454062955,0.013972553680678903
2026-03-11T14:48:39,data/playroom/images/DSC05669.jpg,"[-0.4143385887145996, 0.020643463358283043, -0.44933846592903137, 0.2507496178150177, -1.129591941833496, -1.0274738073349]","[-0.4166010916233063, 0.02240455150604248, -0.48376399278640747, 0.24563518166542053, -1.1184507608413696, -0.9776203632354736]",Success,23,"[-0.5669738054275513, -0.33412986993789673, -0.46369922161102295, 0.14131441712379456, -1.1445083618164062, -0.9663957953453064]",366094486.96254706,current,"[0.15263521671295166, 0.35477333329617977, 0.014360755681991577]","[0.10943520069122314, 0.014916419982910156, -0.061078011989593506]",0.38648138209084515,0.061626125999075576
2026-03-11T14:49:17,data/playroom/images/DSC05597.jpg,"[-3.0426111221313477, -1.282023310661316, 1.8089417219161987, 1.686113715171814, 1.126607894897461, 1.7716788053512573]","[-3.325880289077759, -1.2317169904708862, 1.7481489181518555, 1.7963954210281372, 1.0396877527236938, 1.6600254774093628]",Failed,200,"[-2.5965416431427, -0.8873013854026794, 0.8514100313186646, 1.576438307762146, 1.0469610691070557, 1.4483604431152344]",836351680.8796601,current,"[-0.44606947898864746, -0.3947219252586365, 0.9575316905975342]","[0.10967540740966797, 0.07964682579040527, 0.32331836223602295]",1.1276747389489843,0.24501503312241305
2026-03-11T14:49:55,data/playroom/images/DSC05705.jpg,"[-2.8198859691619873, 0.6919413208961487, 3.3945159912109375, -1.8589417934417725, 0.4334145784378052, -1.6512477397918701]","[-3.084421157836914, 0.6939414143562317, 3.661212921142578, -1.7505019903182983, 0.42446255683898926, -1.7637348175048828]",Failed,200,"[-1.855305790901184, 1.6435679197311401, 2.4911248683929443, -1.6028213500976562, 0.3999718725681305, -1.8146965503692627]",1176383824.903822,current,"[-0.9645801782608032, -0.9516265988349915, 0.9033911228179932]","[-0.2561204433441162, 0.03344270586967468, 0.16344881057739258]",1.6285341951246375,0.3566356151071791
2026-03-11T14:50:32,data/playroom/images/DSC05597.jpg,"[-3.0426111221313477, -1.282023310661316, 1.8089417219161987, 1.686113715171814, 1.126607894897461, 1.7716788053512573]","[-2.853512763977051, -1.1961612701416016, 1.874233365058899, 1.8098112344741821, 1.1088085174560547, 1.7019636631011963]",Failed,200,"[-2.359583616256714, -0.5116682648658752, 0.9254682660102844, 1.5849324464797974, 1.0818411111831665, 1.4246970415115356]",797174495.530508,current,"[-0.6830275058746338, -0.7703550457954407, 0.8834734559059143]","[0.1011812686920166, 0.044766783714294434, 0.3469817638397217]",1.3566498507920746,0.26434663929663565
2026-03-11T14:50:40,data/playroom/images/DSC05670.jpg,"[1.8750309944152832, -0.9529873132705688, 2.1323764324188232, 1.7871317863464355, 0.6377500295639038, 2.7150185108184814]","[1.7080368995666504, -0.9888735413551331, 2.2618014812469482, 1.755265712738037, 0.6898801922798157, 2.7457189559936523]",Success,37,"[1.9429678916931152, -0.8631638288497925, 2.193737745285034, 1.8011319637298584, 0.6595128178596497, 2.741387128829956]",309229741.8041599,current,"[-0.06793689727783203, -0.08982348442077637, -0.06136131286621094]","[-0.014000177383422852, -0.02176278829574585, -0.02636861801147461]",0.12825323029808325,0.03031260294468009
2026-03-11T14:51:08,data/playroom/images/DSC05595.jpg,"[-3.136659622192383, 0.8497186303138733, -0.5894355773925781, 0.8737390041351318, 1.1482502222061157, 1.6256171464920044]","[-3.155958414077759, 0.9124417304992676, -0.6252740621566772, 0.8697720766067505, 1.0818095207214355, 1.5079116821289062]",Success,146,"[-3.0478453636169434, 0.9948248267173767, -0.6454363465309143, 0.8225739598274231, 1.1487444639205933, 1.5581567287445068]",189359804.28822744,current,"[-0.08881425857543945, -0.14510619640350342, 0.05600076913833618]","[0.05116504430770874, -0.0004942417144775391, 0.06746041774749756]",0.1791085338700598,0.029530857755517396
2026-03-11T14:51:44,data/playroom/images/DSC05608.jpg,"[-0.7886683344841003, -1.5553858280181885, 1.7462306022644043, 2.688204288482666, -0.0986480787396431, 3.135786771774292]","[-0.8191827535629272, -1.6567779779434204, 1.5799239873886108, 2.4981486797332764, -0.10677459836006165, 3.0750534534454346]",Failed,200,"[-2.8745572566986084, -1.1489018201828003, 1.2849527597427368, 2.609018325805664, 0.09926687180995941, 3.0257620811462402]",216433275.3014027,current,"[2.085888922214508, -0.4064840078353882, 0.4612778425216675]","[0.07918596267700195, -0.1979149505496025, 0.11002469062805176]",2.174612400508322,0.23973825365641488
2026-03-11T14:51:52,data/playroom/images/DSC05760.jpg,"[-3.1967101097106934, -0.7048484086990356, -4.381579875946045, 0.1333434134721756, 0.12412991374731064, 0.04576598107814789]","[-3.4486632347106934, -0.7034861445426941, -4.615757465362549, 0.14326918125152588, 0.1179843470454216, 0.04433922469615936]",Success,38,"[-3.0876243114471436, -0.5223788022994995, -4.721447944641113, 0.1487993746995926, 0.10036182403564453, 0.04274547100067139]",567724427.9008265,current,"[-0.1090857982635498, -0.18246960639953613, 0.33986806869506836]","[-0.015455961227416992, 0.023768089711666107, 0.0030205100774765015]",0.4008804968577459,0.028694582697716634
2026-03-11T14:52:14,data/playroom/images/DSC05779.jpg,"[2.410350799560547, 0.17248861491680145, -2.5045223236083984, 0.44590920209884644, 0.22615255415439606, -1.681137204170227]","[2.6192965507507324, 0.1675502061843872, -2.7177274227142334, 0.4573364853858948, 0.21600233018398285, -1.5639327764511108]",Success,112,"[2.5210893154144287, 0.5101982355117798, -2.630186080932617, 0.4492161273956299, 0.2648920714855194, -1.6560132503509521]",608523315.9718529,current,"[-0.11073851585388184, -0.33770962059497833, 0.12566375732421875]","[-0.0033069252967834473, -0.03873951733112335, -0.025123953819274902]",0.37696443683823116,0.045852227959401914
2026-03-11T14:52:17,data/playroom/images/DSC05757.jpg,"[3.1148624420166016, -0.7350034117698669, -4.3299641609191895, -0.3571987450122833, -0.05338659882545471, -0.043030112981796265]","[2.9920177459716797, -0.7900881171226501, -4.251919746398926, -0.346027135848999, -0.05682322382926941, -0.041720904409885406]",Success,11,"[3.0006258487701416, -0.815066933631897, -4.37086296081543, -0.3527108430862427, -0.04914586618542671, -0.0640135332942009]",456990728.7581135,current,"[0.11423659324645996, 0.08006352186203003, 0.040898799896240234]","[-0.004487901926040649, -0.004240732640028, 0.020983420312404633]",0.14537151922732872,0.021651239232045944
2026-03-11T14:52:26,data/playroom/images/DSC05576.jpg,"[1.2269163131713867, 1.0385469198226929, -2.2262117862701416, 0.3461897671222687, 0.014893429353833199, 0.03585026413202286]","[1.2794681787490845, 0.9789641499519348, -2.3225252628326416, 0.3643821179866791, 0.015058777295053005, 0.03647260367870331]",Success,43,"[1.2710506916046143, 0.585310161113739, -2.3449032306671143, 0.2922554910182953, 0.018309468403458595, 0.006412857677787542]",589205689.6508608,current,"[-0.04413437843322754, 0.45323675870895386, 0.11869144439697266]","[0.05393427610397339, -0.0034160390496253967, 0.029437406454235315]",0.4705943707458956,0.06110817717925242
2026-03-11T14:52:51,data/playroom/images/DSC05728.jpg,"[2.812387228012085, 0.5193706750869751, 4.078197479248047, 1.0739619731903076, 0.2389497607946396, -1.81003999710083]","[2.545869827270508, 0.5265403389930725, 4.446824550628662, 0.9785752296447754, 0.24522460997104645, -1.7247987985610962]",Success,134,"[2.9126696586608887, 0.4504880905151367, 4.376134872436523, 1.175978660583496, 0.2241736799478531, -1.7960340976715088]",302907000.7566757,current,"[-0.10028243064880371, 0.06888258457183838, -0.29793739318847656]","[-0.10201668739318848, 0.014776080846786499, -0.014005899429321289]",0.3218199288640675,0.10082515991849657
2026-03-11T14:52:52,data/playroom/images/DSC05719.jpg,"[-0.059192851185798645, 0.19004568457603455, 2.8335678577423096, -2.8994405269622803, 0.07962512224912643, 3.12522029876709]","[-0.0562029592692852, 0.17398011684417725, 2.7778022289276123, -2.954237699508667, 0.0751693919301033, 3.102736473083496]",Success,1,"[-0.02400857023894787, 0.164580300450325, 2.790318250656128, -2.953331232070923, 0.07121255248785019, 3.1024675369262695]",604680963.5095594,current,"[-0.03518428094685078, 0.025465384125709534, 0.04324960708618164]","[0.05389070510864258, 0.008412569761276245, 0.022752761840820312]",0.06129394690771642,0.05751300800558766
2026-03-11T14:53:02,data/playroom/images/DSC05607.jpg,"[-0.912917971611023, -2.436012029647827, 1.4616739749908447, 2.87874436378479, -0.03970516845583916, 3.139934778213501]","[-0.931980311870575, -2.217991590499878, 1.409989595413208, 2.627868175506592, -0.04281299561262131, 3.3311080932617188]",Success,53,"[-3.5684151649475098, -3.9893620014190674, 0.22396907210350037, 2.419905185699463, 0.1758086383342743, 3.073026418685913]",465949828.61490655,current,"[2.655497193336487, 1.5533499717712402, 1.2377049028873444]","[0.45883917808532715, -0.21551380679011345, 0.06690835952758789]",3.316093319744039,0.5063192617070345
2026-03-11T14:53:04,data/playroom/images/DSC05572.jpg,"[3.1404340267181396, 0.18188197910785675, -3.5634825229644775, 0.5122889876365662, -0.049177385866642, -0.040783874690532684]","[3.3532867431640625, 0.19345037639141083, -3.737947940826416, 0.4987269937992096, -0.05215094983577728, -0.03955773636698723]",Success,8,"[3.1501944065093994, 0.2671479284763336, -3.7712275981903076, 0.5086507797241211, -0.039367932826280594, -0.030021028593182564]",305357257.1679709,current,"[-0.009760379791259766, -0.08526594936847687, 0.20774507522583008]","[0.0036382079124450684, -0.009809453040361404, -0.01076284609735012]",0.22477447234052866,0.014894076915185394
2026-03-11T14:53:09,data/playroom/images/DSC05634.jpg,"[3.1866612434387207, 0.5935469269752502, -3.6239638328552246, 0.46880120038986206, -0.7339097261428833, -0.3827268183231354]","[2.891531467437744, 0.6503524780273438, -3.6257834434509277, 0.4695703089237213, -0.6649965643882751, -0.3829883933067322]",Success,22,"[2.5980701446533203, 1.0812492370605469, -3.8192408084869385, 0.48766958713531494, -0.6426974534988403, -0.3637349307537079]",540201934.6966522,current,"[0.5885910987854004, -0.48770231008529663, 0.19527697563171387]","[-0.01886838674545288, -0.09121227264404297, -0.01899188756942749]",0.788939872261384,0.0974233243046547
2026-03-11T14:53:45,data/playroom/images/DSC05741.jpg,"[0.15142948925495148, 1.8010631799697876, 0.8989228010177612, -0.3648790419101715, 0.3022648096084595, -1.4580336809158325]","[0.14421628415584564, 1.8514719009399414, 0.9182241559028625, -0.3471073806285858, 0.3299814462661743, -1.5327582359313965]",Success,189,"[0.1083243191242218, 1.8554956912994385, 0.9289738535881042, -0.3802211880683899, 0.3140629827976227, -1.480204463005066]",433781067.4551889,current,"[0.043105170130729675, -0.05443251132965088, -0.030051052570343018]","[0.015342146158218384, -0.011798173189163208, 0.0221707820892334]",0.0756572517491697,0.025685864673248345
2026-03-11T14:53:50,data/playroom/images/DSC05579.jpg,"[-1.336719036102295, 1.0775489807128906, -1.8527493476867676, 0.32395341992378235, 0.013091464526951313, 0.017272407189011574]","[-1.2445721626281738, 1.1668957471847534, -1.9194035530090332, 0.29857298731803894, 0.013449884951114655, 0.01696653850376606]",Success,23,"[-1.4599618911743164, 1.641461730003357, -1.6449075937271118, 0.40219220519065857, 0.023529639467597008, 0.03713412582874298]",657786259.4731007,current,"[0.12324285507202148, -0.5639127492904663, -0.20784175395965576]","[-0.07823878526687622, -0.010438174940645695, -0.019861718639731407]",0.6135019028720788,0.0810406431507483
2026-03-11T14:53:54,data/playroom/images/DSC05607.jpg,"[-0.912917971611023, -2.436012029647827, 1.4616739749908447, 2.87874436378479, -0.03970516845583916, 3.139934778213501]","[-0.9097318649291992, -2.3122940063476562, 1.3296546936035156, 2.9125630855560303, -0.03771233931183815, 2.896137237548828]",Success,18,"[0.15296857059001923, -1.883180856704712, 1.1243772506713867, 2.9926788806915283, -0.12214084714651108, 3.0484957695007324]",500635965.4305349,current,"[-1.0658865422010422, -0.5528311729431152, 0.337296724319458]","[-0.11393451690673828, 0.08243567869067192, 0.09143900871276855]",1.2471990646482987,0.16257913347305622
